{
  "FL" : [22.2351, 183.3101, 321.2256, 325.1529, 380.1974, 439.1508,
      443.0183, 448.0011, 470.8890, 474.6891, 488.4911, 556.9360,
      620.7008, 752.0332, 916.1712],
  "S1" : [0.1310E-13, 0.2273E-11, 0.8036E-13, 0.2694E-11, 0.2438E-10,
      0.2179E-11, 0.4624E-12, 0.2562E-10, 0.8369E-12, 0.3263E-11, 0.6659E-12,
      0.1531E-08, 0.1707E-10, 0.1011E-08, 0.4227E-10],
  "B2": [2.144, 0.668, 6.179, 1.541, 1.048, 3.595, 5.048, 1.405,
      3.597, 2.379, 2.852, 0.159, 2.391, 0.396, 1.441],
  "W3" : [0.002656, 0.00281, 0.0023, 0.00278, 0.00287, 0.0021, 0.00186,
       0.00263, 0.00215, 0.00236, 0.0026, 0.00321, 0.00244, 0.00306, 0.00267],
  "X": [0.69, 0.64, 0.67, 0.68, 0.54, 0.63, 0.60, 0.66, 0.66, 0.65, 0.69, 0.69,
     0.71, 0.68, 0.70],
  "WS": [0.0127488, 0.01491, 0.0108, 0.0135, 0.01541, 0.0090, 0.00788,
       0.01275, 0.00983, 0.01095, 0.01313, 0.01320, 0.01140, 0.01253, 0.01275],
  "XS": [0.61, 0.85, 0.54, 0.74, 0.89, 0.52, 0.50, 0.67, 0.65, 0.64, 0.72,
      1.0, 0.68, 0.84, 0.78]
}